Title,Price,Location,Date Posted
N/A,N/A,N/A,N/A
N/A,N/A,N/A,N/A
N/A,N/A,N/A,N/A
N/A,N/A,N/A,N/A
N/A,N/A,N/A,N/A
N/A,N/A,N/A,N/A
N/A,N/A,N/A,N/A
N/A,N/A,N/A,N/A
N/A,N/A,N/A,N/A
N/A,N/A,N/A,N/A
N/A,N/A,N/A,N/A
N/A,N/A,N/A,N/A
N/A,N/A,N/A,N/A
N/A,N/A,N/A,N/A
N/A,N/A,N/A,N/A
N/A,N/A,N/A,N/A
N/A,N/A,N/A,N/A
N/A,N/A,N/A,N/A
N/A,N/A,N/A,N/A
N/A,N/A,N/A,N/A
N/A,N/A,N/A,N/A
N/A,N/A,N/A,N/A
N/A,N/A,N/A,N/A
N/A,N/A,N/A,N/A
N/A,N/A,N/A,N/A
N/A,N/A,N/A,N/A
N/A,N/A,N/A,N/A
N/A,N/A,N/A,N/A
N/A,N/A,N/A,N/A
N/A,N/A,N/A,N/A
N/A,N/A,N/A,N/A
N/A,N/A,N/A,N/A
N/A,N/A,N/A,N/A
N/A,N/A,N/A,N/A
N/A,N/A,N/A,N/A
N/A,N/A,N/A,N/A
N/A,N/A,N/A,N/A
N/A,N/A,N/A,N/A
N/A,N/A,N/A,N/A
N/A,N/A,N/A,N/A
N/A,N/A,N/A,N/A
N/A,N/A,N/A,N/A
N/A,N/A,N/A,N/A
N/A,N/A,N/A,N/A
N/A,N/A,N/A,N/A
N/A,N/A,N/A,N/A
N/A,N/A,N/A,N/A
N/A,N/A,N/A,N/A
N/A,N/A,N/A,N/A
N/A,N/A,N/A,N/A
N/A,N/A,N/A,N/A
N/A,N/A,N/A,N/A
